"","y1","x1","x2","z"
"1",0,3.47185991403014,7.00634259471579,0.667827183512347
"2",0.849122204798798,3.63839331606884,10.8910328360157,-1.01288410945568
"3",1.31322590840461,3.292944882385,8.55527531645718,0.5823452650397
"4",0,3.97672899621718,9.05787211886124,0.972329329849707
"5",0,3.49205208837144,8.95098033602108,0.45673568580419
"6",0,4.41871733623211,8.32352867308094,-0.341842866764828
"7",0.0693680779488144,1.22440037449878,-0.197057078301433,-0.0197397710959719
"8",0,3.32573152844254,8.06138500222629,-0.87661596448945
"9",0.0484350983553634,3.03708363631032,3.89313763216453,-0.0716458220831045
"10",0,3.26923071828971,7.97877150827616,-0.888722308793826
"11",0.0122555277622531,1.04764571327809,4.63377680052532,1.19621482469442
"12",0,2.78833202382141,9.44810318030449,0.0313679233501892
"13",0.2691922136187,3.42105072846865,1.14234608886793,-0.581065836001237
"14",0,4.06722747716719,11.3815156416602,-0.273905346928934
"15",0.0837905748587708,3.40114905207191,10.6168182793345,-0.883337456641837
"16",0,4.69962287098184,15.2220744659375,1.4340563711087
"17",0,2.15049890520417,8.30225130704162,0.534543464885177
"18",0.35671553844319,3.49951072439587,11.3677752717733,0.408868626028294
"19",0,3.16827187142434,8.47593321475158,0.667957622920293
"20",0,4.85937413471602,7.5587614071588,0.081160635822108
"21",0,1.2760221275077,2.86238751246443,-0.0849662340560034
"22",1.03156485108814,1.23007090731207,5.26113434466618,-1.72244138146744
"23",0.55948948894613,2.87721498537438,7.60907558330766,-0.762418073497127
"24",0,2.75814626653737,8.03718535917487,-2.0262351058027
"25",0.334046857841713,2.28409661197193,6.28820713566619,0.896952575388004
"26",0.0948294923624138,3.49529250615967,7.60591090881906,-0.295950409451959
"27",0,3.51751028987367,11.1234011853619,1.2003942803219
"28",0.270995340090141,5.30538870577718,10.8986161064567,0.478369441971633
"29",0,3.6315561569667,10.6227259124944,0.11183209233706
"30",0.808538073130572,2.16829727791469,1.86107047110006,-0.237060819252154
"31",0,3.35435318224888,5.90603975642735,0.793430354766513
"32",0.584831034098832,3.38982504677305,5.23343772579407,-0.143529598008573
"33",0,1.86424263377621,9.63122757857174,1.77569628710607
"34",0.196132063051701,3.31715039685721,6.98859698977216,-0.341319370954037
"35",1.65263364409004,2.75572142868306,2.85471316016932,-1.84270323715453
"36",0,4.34856215851747,7.52050780896646,0.652730947840288
"37",0.220281076147717,4.23274925629639,8.10879496512936,-0.308124713017508
"38",0,2.87195661720597,5.73677689537203,1.08366497610459
"39",0,2.40645517063511,5.69814134241355,1.03777215664051
"40",0,5.97879122580772,17.3271430728009,1.69467131272623
"41",0,3.53851444541876,7.60438261359144,1.26606247684126
"42",0.510267046185469,2.95313453778444,6.88297081666235,-0.598834291603282
"43",0,4.23720353090738,7.13002541149119,-0.296993975990678
"44",0.450845236506694,2.2932250125734,10.3540307329209,1.21458891283569
"45",1.14972128941696,4.04599544352828,9.19392748519731,0.574622614477922
"46",0,3.59835537769928,7.55600557225137,-1.88692168262888
"47",0.714286928329532,3.94895740234101,9.60692989423063,-1.0245415184674
"48",0.0355831109163498,2.4611524533845,3.62957108320445,-1.21376564976987
"49",0,3.61838461059502,6.95692577261961,-0.117646770840263
"50",0,2.62649241049601,7.45531543822759,2.34845523593563
"51",0.288375048245194,4.67778742935972,15.5607662482615,2.23443252681838
"52",0,2.53990178066949,10.2695081879034,2.33281142565499
"53",0.51686101906463,2.7452391474728,-0.557839739017258,0.0023216518058912
"54",0,2.56954700309459,8.03279729963543,0.142740714327524
"55",0.841479920091411,4.28181927459844,5.22092803770695,-1.58813770234074
"56",0,2.52581074499498,9.34923282008204,0.362247565895092
"57",0,3.75250719844021,11.1251203458506,0.191867344012885
"58",0,2.27949004582384,5.66179526791901,-0.928917640369881
"59",0.507698400713078,3.07961143541525,2.78306694562712,-0.277552054095025
"60",0,2.18807477595204,7.33413881126623,0.843574632171985
"61",1.55912847078957,1.92620096434589,6.19373002619547,-0.0615354878849049
"62",0.165962498036321,3.27248377478504,2.95332997505636,-0.261879792200624
"63",0,3.50785498312737,9.53681980083628,0.751996477998963
"64",0,1.68218864642628,7.06709255939323,1.70697390941759
"65",1.7765091795825,4.64637298409283,7.94676277133841,-0.807768465478048
"66",0.656050424002398,2.91927263023687,3.66154550233738,-1.37701277742131
"67",0,3.29706110907586,10.45573267896,0.648590653463427
"68",0.011047473686876,2.44578502269335,0.0661016043173532,-2.05284062607539
"69",0,3.62083868958359,5.72859551825836,-0.588714520644352
"70",0,2.57160131575962,9.20308843658509,-0.602448518213161
"71",1.91596515165198,5.08992347601854,11.5125809299409,0.0627423886771321
"72",0,2.73399866778144,11.7434548375469,0.91490752947328
"73",0,2.39126856782134,7.39317906259554,-0.21061250189049
"74",0.17434066780653,3.69047259252624,8.1562673919067,1.51052048109941
"75",1.25126361556999,3.1039378271872,5.42751426031896,-0.738883224345254
"76",0,3.19451088622197,7.2236932968662,-0.0739410336942774
"77",0.321357411342801,3.50051497322539,6.40930938276575,-0.242032852742451
"78",0.168606810601204,2.47376927179181,5.55390399901544,0.702187271828707
"79",0.199490165417313,3.44081301927535,13.902077240061,2.0344472353762
"80",0.189455965036701,3.53046991731782,6.95855340090148,-0.395951653915926
"81",0.732861414514232,0.814228293986967,0.514033332533998,-0.949171104920638
"82",0.269679384498184,2.34907626022398,1.85226257443685,-0.486393212089891
"83",0,4.30410739034787,9.48355931557071,0.545015340123286
"84",0,5.58082066117035,9.65856045548388,-0.889255372669349
"85",0.713361515759117,3.27034925017135,10.4907848483093,0.433629977698413
"86",0,4.44600510211246,11.9250924168276,-1.25127070671916
"87",0.166994122208945,3.19329920285621,9.70134821507241,0.656941798671369
"88",0,3.47073697694025,0.648097876086943,-0.821184396414635
"89",0.529717698631534,3.71942137681211,2.40191104481076,-1.46905147830399
"90",0,3.78940491015584,4.50646693945194,-1.11771049832511
"91",0,3.52141960191917,7.69344483062509,-0.826856700776111
"92",0,4.56788223749956,9.30809576088917,1.29831756387921
"93",0,2.28436044736871,6.78579702848916,-0.0389226645445222
"94",0.010760914065381,2.5813687109942,4.09221735472823,-1.10707484393621
"95",0.12558469011686,4.42435346129171,10.3332751157498,0.288202488245353
"96",0.261055227495198,4.03977752105441,10.3296231921864,0.691816739584242
"97",0.122792235078933,5.36852728116887,15.2510743190247,0.912152983722017
"98",0,2.45518460239044,3.54975325884391,-0.183160194964178
"99",0,3.73585564546733,11.1312299737336,-0.167971623301603
"100",0.425012581325037,4.07901356056755,4.56695482278996,0.0290434518790992
"101",0,1.27137624099222,6.96665955213671,0.0942904008260787
"102",0,2.69716235736393,6.97364457438599,-0.153241970258543
"103",0,2.16768475755492,4.86956578542642,-0.367167962909218
"104",0.0507583342482754,2.53774414585798,4.67680494386094,0.645565918900553
"105",0,2.92311275802249,6.33375441356125,0.80955471732068
"106",0.274429195103536,4.68364359173676,8.84345784767814,1.05487466572323
"107",0,3.76152375253181,14.8900075453631,-0.982851503988805
"108",0.479257819137441,3.92108589547753,10.5656329475532,1.91378055092267
"109",0,1.08363493691613,1.69053559191909,-0.182982217827633
"110",0.277334164747807,3.65477026560418,7.86531490359023,-0.425976505291596
"111",0,0.542773827801788,4.0691589171567,0.237122089912153
"112",0,4.50170916416758,14.7144524740642,2.46397215227319
"113",0,4.16107396408799,7.77921139030255,-0.835932408952324
"114",0,3.80922148585758,9.01276138329073,0.322388228751433
"115",0,3.30522965431547,7.47880858076215,-0.800426028600746
"116",1.18655403615216,4.17018079553958,9.25988736703955,-2.37626209473217
"117",0,2.54641930561932,9.2438714458173,-1.09338783128951
"118",0,2.91270754253214,6.12483481317539,0.328582569786329
"119",0,1.90774439394336,8.24288308138932,-0.601774882979891
"120",0,2.30912692568016,10.6369841453467,1.04866361224484
"121",0.514906582909565,4.34660946418722,8.77202101396731,0.288278246095721
"122",0,3.64649380100601,8.51201382368624,1.09337072114167
"123",0,1.45899336040799,4.34203159171116,0.610269332313652
"124",0,3.00190984902509,11.7123471722515,1.12655053747214
"125",0,3.33792463327656,6.82138844641317,-0.665216812168975
"126",0.580394371536683,3.5736455562228,6.02044700467634,-0.0608533303445875
"127",0.139005847349599,2.86206428180864,8.06120267407251,0.924766630169009
"128",0,3.1423931628266,6.44539888926658,-0.871579037964456
"129",0,2.98996648191509,11.1037915961093,0.270914742231808
"130",2.06481330040446,4.73390537013746,11.3063121929593,0.291128006093148
"131",0.752239491601324,3.73091656693405,5.0341343864708,-1.05454708397216
"132",0,1.29043590082987,4.28041386659796,-0.866539646918818
"133",0.717323726750728,2.13704204632455,5.77110595601496,0.779437680328069
"134",0,1.45241735839601,3.28865595337084,-0.14186153960121
"135",0,2.64516281010079,11.0822865002705,0.51163198686465
"136",1.64893958245734,2.42549729908887,10.209823235335,-1.11011617631995
"137",1.6968875813523,2.94027147954931,5.40027259278467,1.10535996391014
"138",0.00825874019784223,2.97286750949617,4.04047561572666,-0.0444773361179645
"139",0.248966016863643,4.01952638478828,15.2348473318342,0.664763280710602
"140",0.929902738744876,3.30166549608456,3.22513492021467,-0.616766114315281
"141",0,2.25875742085984,5.83878949643445,0.86795946478847
"142",0.427741008055201,2.68055370652435,12.897576423528,0.349111369748087
"143",0,3.39518741460674,8.13408418521114,0.00860397968407367
"144",0,3.98309050044365,7.58885992990643,-0.0139253500521044
"145",0.0404567756823004,3.02230944324768,3.9023679655344,0.0228205527203506
"146",0,0.859985453495104,3.85531131115909,2.38466223644915
"147",0,3.54258566533731,11.3925729315399,0.116801427690591
"148",0,3.1526545391978,4.17071165693891,-0.147177016111462
"149",0,4.98268349760492,8.71237120900662,-1.2235652794364
"150",0.0701073133560541,4.47746566864694,13.6381003332136,1.42078650592703
"151",0.0948378668527061,1.41161623933238,4.39749172226635,1.92518509368837
"152",0,1.41076990252198,1.88068567957437,0.958757110452043
"153",0,3.24648872448569,10.6736449427799,0.750304261277645
"154",0,3.93340963477364,8.33062376331197,0.54091875995601
"155",0,3.34864700279737,5.93000949693617,0.0757196635006894
"156",0,1.90925741769937,7.93060021665243,-0.287087806287338
"157",1.09415062139783,1.57548590665126,4.37680615791671,0.156276166861671
"158",0,4.29727294435305,12.125687061666,1.7986630598924
"159",0,3.13638703175799,5.26078755847683,-0.534215256063243
"160",0,2.24628666600935,3.41891514067947,0.152256752706966
"161",0,4.05659262140222,11.5885315544148,0.385111717498409
"162",0.140400831688775,5.07958683491046,11.4734723048952,-0.423330596213014
"163",0.893881030156915,2.71046127855812,9.72293246260761,1.43519669229937
"164",0,3.83066708865964,9.51118458210556,0.187976836156348
"165",0.840932190131702,2.39711289902301,-0.968378171252136,-0.593845592014909
"166",0,2.3450074037732,6.10028651515289,1.15022116080847
"167",1.64311812368948,1.02263353950215,4.28776685757995,-1.15819450435378
"168",0.147872790896964,2.44578969192378,2.95618592855672,-0.477641580851196
"169",0.266811907721877,2.91075591472994,7.664082369632,0.433834631339161
"170",0,3.30461229294156,4.42829453344154,-1.11179274733866
"171",0,5.19266004959529,9.85737022762751,-1.94115028737938
"172",0,3.98877351872209,8.87927390701087,0.0713030968412722
"173",0,2.54442341130703,7.25538885619323,0.928799494400525
"174",1.27663077126382,2.47575122478973,-0.168275302823592,-0.820167516405849
"175",0.0600639676087233,2.81555808966083,5.02385510323289,-0.432337844744297
"176",0.838294847145793,3.73688627250854,7.4161391237919,-0.968224445325153
"177",0,2.2735032623471,4.51783345491418,1.41086989614739
"178",0,4.30191891902638,14.7723329977729,0.533410281827902
"179",0.753717685347368,3.29138591289967,13.0606055497656,1.11395864440269
"180",0,3.25704139685805,8.84448361820025,-0.104536900630422
"181",0.634540354034431,3.41596472630893,3.34006320180322,0.164927026951664
"182",0,3.12404437514199,6.97538885599788,1.01190535771265
"183",0,4.63468054821054,9.57796029853422,-1.18872763959895
"184",0,3.24081110467656,12.4472604448693,1.15053702313953
"185",0,3.58271219352275,8.66308351665069,1.02104574492423
"186",0,3.28732436202312,5.43218805095838,-0.437824205556942
"187",0,3.16149984924632,9.32485656051164,-0.358468699579932
"188",0,3.59220978345376,6.46636410111502,-1.50273108218725
"189",0.98204298246685,2.16136838001619,7.71702553991036,0.584110316949683
"190",0.556428302377079,3.2110936281197,9.24163895666127,1.03558032090599
"191",0,2.56174259802079,11.9765131200725,0.843660212855746
"192",1.25209310791883,2.87053277535145,4.37984699508872,1.34707578197999
"193",1.03515458498452,2.98536367282206,4.70650930249329,0.499584196407633
"194",0,1.83135694995369,0.0822154222197882,-1.59373236258868
"195",0,2.98273588535891,8.14737145616819,-0.0488304637777199
"196",0,2.4815690000283,11.1716448878073,2.42506374427081
"197",0,3.80549457939836,11.0313289734449,-0.654056910191443
"198",0.390241234647957,4.31166814264093,13.3904270968617,-0.426058525456404
"199",0,3.66856125804301,12.8442007888409,-0.624418122978371
"200",0,3.864236226839,7.02398302908837,0.395385520634683
"201",0,3.72054781692968,13.6864411310458,0.152548799020885
"202",0.0368934250131163,2.06468997265021,5.62656171474191,-0.79416079585574
"203",0.0932370335925734,2.64926614398741,2.73023252743813,-0.884397019916026
"204",2.9751582081749,4.78872965693543,12.4186546278938,0.57289135586325
"205",0.477443685249042,3.23594863105654,4.92872210291774,-1.39511867377564
"206",0.666896801516713,1.4628439897506,5.80475087576615,-0.502981717208633
"207",0,1.76872323054346,6.07311456129538,1.91372310726844
"208",0,3.71765825410305,8.41239805486481,1.44687033689514
"209",0,3.77851971181811,4.54119484354026,0.0189269865259901
"210",0,3.65941781120818,5.59207571314717,-1.23275683057932
"211",0.0533366670521671,3.60142098660162,8.62034337694078,0.0568335217785891
"212",0.7902922599539,2.48909510587906,5.76182895352746,-1.08919830703426
"213",0.00836169217270655,3.96362557972829,4.32230080637117,0.124478677635838
"214",0,4.42567219077757,11.6146447201223,1.56915610207682
"215",0,3.51162487133534,10.0759159126863,0.672405645353595
"216",0,3.82184966416236,9.03479912698974,-0.048727376641707
"217",0,3.50676752015077,6.0715816251893,-0.737095193695642
"218",0.283668823068205,3.82816022194469,6.21258014231153,-0.894260832378303
"219",0,2.89317011078905,5.12960528033161,0.496410041045574
"220",0.0755565354253847,2.54458610247273,-1.84670949908059,-3.16813632151697
"221",0,3.90887807473996,11.716287867269,1.03706219684293
"222",0.508149707614112,2.62917606985673,3.47661204330633,0.717984817611161
"223",0.335387173640309,4.44599145915379,11.5002199121988,2.02086018038705
"224",0.323428952137163,2.66859509161598,6.91933470057038,0.607279318471491
"225",1.90564559192357,1.76720993865082,4.1456912087474,-0.549071878253488
"226",0.814190567317854,3.16052963414081,4.82803870186066,-1.48600253409995
"227",0.282612591741363,2.92649942115127,9.37107398542771,-0.115181858985206
"228",0.391428080872021,2.45836210508393,4.00481726710143,0.608807514156495
"229",1.19383766650575,2.39278584847364,2.86687193894468,1.04118411140288
"230",1.16711807433228,2.7106863279283,2.70290127564366,-0.301745726874762
"231",0,3.02108788561333,7.09221137666206,-0.884448503197383
"232",0.0965096473349298,3.47876425655383,9.67927117197095,1.73462354561026
"233",0.0949912407555065,1.57461840977091,4.06176677578097,-0.0880085599938758
"234",0,2.49946804289124,10.2359130392861,0.763256523218095
"235",1.34383325608431,4.07661268159401,11.7135317222854,-1.40176710238954
"236",0.551713959033719,4.16249578402942,9.90330676274118,1.5498319229317
"237",0.704223306279452,2.54063731467562,3.01719965550324,2.05619736872305
"238",2.86431804100361,3.0338523529347,4.00662427924063,-0.584235751765987
"239",0.59079248817038,1.12649603220347,5.16032070980971,0.65114434756092
"240",0,4.07543027812179,8.89614438475687,1.54624720849346
"241",0,4.34128811516687,10.9803625186571,0.801249815965255
"242",0,3.2032094453208,12.0615829276337,1.46894801023021
"243",0,2.79941957744986,9.99502198090873,0.654374538695824
"244",1.82414295980138,3.39515936831052,7.67910974058853,1.99210122983764
"245",0.125945009672104,3.11822782025291,-1.51044693868477,-0.108260736740767
"246",0,1.80247680417321,1.61656386162604,-0.178705451919587
"247",0,3.10419680165135,11.650865985127,-0.514353269838782
"248",0,2.32175946017897,7.61531820178447,0.140191833389943
"249",0.128363625682812,2.25968433167903,1.98841168784477,-1.44728924096366
"250",0.490607390222386,2.95584489324228,5.94836376773103,1.2310602163921
"251",0,3.57593314226019,6.8301811614573,-0.883418606338745
"252",0.864217959990397,4.04811913014483,4.62125509764906,-1.09384494369718
"253",0.0936991067010151,4.21172058617609,8.61345368437354,-0.242616800654066
"254",0,2.20182601750427,6.74700518889634,0.368125475279434
"255",1.5452033863878,2.49489094932259,4.7997681643405,1.63436721785966
"256",0.35592760854984,3.54701824265407,8.16426065447046,-1.08574877771216
"257",1.74409219644813,2.456476511469,5.22593550643149,0.105539256487134
"258",0,3.17180397956835,11.3506264902154,1.94655729227357
"259",1.09632061248778,3.896742771457,8.15294326358328,-1.01851098518487
"260",0,3.19027437166418,6.06370134324791,1.10458793423118
"261",0,5.45086328113696,14.9361114139123,1.0685638414455
"262",0,2.92955211194295,6.34537622615713,-0.912082082719013
"263",0.12425350862094,2.33488260262205,2.64662577127992,-2.12852340134334
"264",0.199299333778304,2.50276740832572,12.8932761411053,2.42868124978658
"265",0.102907929130855,5.42495926099439,9.7437679521294,-1.72665889594669
"266",1.44790519315888,2.32647398025563,3.62865754673087,-0.153405321070896
"267",0,2.60819511183473,2.06742866636453,-0.910279563794215
"268",0.342213031922062,2.96134901480622,10.4644208190515,0.60138511234192
"269",0.560103833434843,2.74205319786302,3.96165051720345,-0.00851899990140226
"270",0.132296680269942,4.09096974183604,6.71910889906595,1.54758975291869
"271",0,1.98332009031995,5.16791120119799,0.581464882100533
"272",0,2.09069446888291,3.97081864395118,1.03789416530788
"273",0,2.62892313705745,8.80568276913501,1.3167428842327
"274",0,3.26365979238672,10.5048623064631,0.93033790662282
"275",0.550613613932394,2.56776569585384,6.90945766283555,0.405779191457996
"276",0.214454553631263,3.42119809883159,7.12251499656687,0.186141187985957
"277",0,2.16009765569174,4.92549813904667,0.382078280833342
"278",0.675123809873944,3.50586612040635,6.14080313625553,0.995160303756115
"279",1.19461632201494,2.21321796544271,7.88640598004551,0.306380454657055
"280",0,4.37752006451399,9.56662035739882,0.624674870644991
"281",0.634695781525176,3.01890149379894,7.29667740080046,1.06330476489168
"282",0.0444003790332674,2.96959036867503,1.69600651454126,-0.812787243290289
"283",0.551411945353709,1.45300742549037,6.8775646501793,-0.182145339697066
"284",0,3.58578496065482,8.50872502936701,0.558958003848018
"285",0,2.36175622976583,6.45114551107492,0.0862991234486809
"286",0,2.12015742852736,0.921701509578181,0.764004116052294
"287",1.28230590094593,2.51308980443257,9.00694492348169,-0.188294640328224
"288",0.352509110512005,1.51821576053607,6.0407048315459,-0.387242901110328
"289",0.857672263395139,3.60710596672521,0.643097179889237,-0.416910513199583
"290",0,3.7250824509222,11.5793001675636,1.57028994070656
"291",0.395545300572926,3.3665614338505,9.58487490917082,1.19709233823666
"292",0,3.01709457505417,5.93652674829299,1.46496948020516
"293",1.84195178669773,3.39236514767731,8.69713873444293,-0.528797804161489
"294",0,4.42596066441378,9.52853023014515,0.744641962620979
"295",0.696105522393795,1.94570695493608,9.54073914793583,0.128338332267139
"296",0,2.69573500977071,8.85889781810526,1.5971396774983
"297",2.79293320298557,3.22197026252797,9.37137829887202,2.9245661632106
"298",0.242478866044328,1.99337648213865,5.14748998000369,-0.0510734823461175
"299",0,2.53670975719186,5.55714597255685,0.359495795237192
"300",0,3.5226173266588,8.01976697319445,-0.849025817479234
"301",0.204172050075577,2.23657067534538,5.8905105085819,-0.538586566213044
"302",0,4.96738049520578,12.1755670017969,-0.591496386235009
"303",0.153129178511085,3.78029680737279,4.71404337141091,0.375238728432861
"304",0,3.83656683658639,9.03321515775659,0.123703954852204
"305",0.985541410753965,3.11312976947052,10.175282655691,1.18364511262857
"306",0,3.40619318343398,7.1018288637051,0.411958525730848
"307",2.31449680534298,2.51322920814548,6.17874085296954,0.701190587555343
"308",0,5.29121700775874,12.4914721980753,-1.3020542448605
"309",0,3.70928628127124,12.7156530550769,1.14400379775324
"310",0.643407610350234,1.69830774682282,5.69862792665164,-0.352521686159727
"311",0.436166735998584,1.70474889040823,3.11418878166009,-0.256302766675853
"312",0.565632875807959,4.14936670577092,6.51564716804537,-2.12706408745955
"313",3.17572462090873,4.14321842127151,13.765020929846,1.36878770310831
"314",0.813101711215023,3.85345531594505,3.2431674822748,-1.46405926106194
"315",0.765653822830735,3.12086773376706,8.85773346791074,-1.51772969460515
"316",0,2.39038018286724,3.56433051378599,-1.04523580683385
"317",0.572206590310427,2.2906747648364,6.87200364089548,0.134814980695207
"318",1.05007384348366,5.55365809173421,8.48766980701008,0.596095852673121
"319",0,2.41807577717127,5.25108027295731,-0.301297503545804
"320",0,2.86988929130663,5.32364928347061,-0.364582629954047
"321",0.084590455315503,2.43234903208363,6.29052324136541,-0.0254924984648438
"322",0,2.15824900393934,6.9832178524947,2.71171578858175
"323",0.542066803190419,2.27665387400909,6.82811034410443,0.500285042159946
"324",0.729857352829197,3.07271574868081,8.61509759973882,1.10806907228451
"325",0.68343713195683,2.98317503857194,6.38737167056489,1.0201048194046
"326",0,3.2763346951652,9.28985019635617,-0.956605312504313
"327",0,4.07904121065189,11.1281567741551,0.371094579627659
"328",1.59903553669922,1.64628716147019,8.43254137096375,0.809269326662115
"329",0.0974741865428923,2.27507113971595,9.71146864480371,0.423819372426713
"330",0,3.98363915327853,12.0121458597739,1.04899351300933
"331",0,2.16794111829075,3.21574395575472,0.445388656659925
"332",1.33059665301266,3.42308401056837,7.98158870142648,-0.0137155780470307
"333",1.35224806950765,2.69311152140525,9.64268948346557,0.961356101191023
"334",0.147386050700995,2.25357744829092,9.22758124737825,1.28524474105317
"335",0,3.03272886586377,0.487183624975937,-0.322595492876493
"336",0,1.86067333008298,0.417760160213188,-0.259364550624271
"337",0,2.12787161177699,4.44901830454706,0.508308844307879
"338",0,3.22277304929411,7.33622176445835,0.0143903256513667
"339",0.281487865821661,2.09266757068372,5.01494688035899,-1.42628040163343
"340",0,3.70057789387847,8.44522542449518,-0.203456070008512
"341",0,3.28931093521419,10.7894019705598,1.26491233006695
"342",0,2.62621823590248,9.23698923283221,0.869001093994463
"343",2.62088433353106,2.86008478944892,6.37442275881398,0.77293382368296
"344",0,3.84742439078932,11.9517105136873,0.579194190608313
"345",0,2.12685447693824,7.06515531872976,1.00010075900696
"346",0,3.54504844942228,5.21012069494086,-0.464562880716197
"347",0.113587845365593,0.700077148321087,3.48534773139294,-0.427074730020066
"348",1.04631292720357,1.41117952076518,-3.07900082907487,-1.34709360136522
"349",0.860026796338786,2.99272085655649,1.87127775279365,-1.91590484267902
"350",2.13708662260284,2.73900954239309,4.93201774946206,-0.533743053314808
"351",0.828567053063811,5.28780751500098,12.4798111292335,-0.934119439079154
"352",1.46029849640395,2.20087199903143,4.41176467361685,-1.60768196344934
"353",0,2.64915271729006,9.50070523136604,0.980748163233336
"354",0,2.07323309487269,5.74712519311377,-0.000843498048418628
"355",0.0965656474322838,2.22682055991298,2.32080764059504,-0.461223112631286
"356",0.287938874973773,1.11550629596554,0.137959725397691,-0.0836530905823029
"357",0,1.83298651235431,2.86309464656243,1.25552228105412
"358",0.603737544698581,4.00417775628325,9.08631136346481,2.4270986144784
"359",0,4.09507386946867,12.2211186745904,0.859311516188662
"360",0,2.88712306754648,4.64578163674018,-0.988873634297524
"361",0,2.62498558507134,6.62940736817744,-0.84291515670898
"362",0.626212337397669,1.86604071512459,7.58707932246954,-0.539320688265461
"363",0.244372491003777,1.62951597547245,3.57450333655825,1.10836740156899
"364",0.945434896108405,3.8655357380435,10.509922364028,-0.217724039945469
"365",0,1.27386314295365,4.40890436352664,1.54500074285004
"366",0,3.44123422062174,9.8591460414573,1.01510448284129
"367",0.0164874081536643,1.80308882847162,6.42789029093302,-0.954260146340158
"368",0.311938205554293,2.47811698583575,6.8855478233285,-0.661245708692897
"369",0,4.19098535588742,7.45976873247643,-0.688624846124244
"370",0,2.61220096033045,6.47577155090632,-1.62329922376728
"371",0.844542446677137,4.32109722311676,8.10654487077148,-0.508626327341269
"372",1.27388413394749,3.45687916609113,6.66504848871031,-0.907817390338779
"373",0,3.77025483042433,9.85777972087795,1.33071069037629
"374",0.249809380099863,3.11399247825691,3.44031951884343,-0.233105401200159
"375",0,3.50294972064964,14.8766141008785,-0.606679127658348
"376",0.646912380706101,1.50589242077845,2.17070113395078,-0.0547062878296464
"377",0,0.160554769220463,2.77924580325409,1.90031959163471
"378",0,2.76297262513818,6.31422000812692,1.6248855482634
"379",0,2.98993283662901,8.10027333207978,0.362519120286178
"380",0.509513719622246,2.02637344149326,2.38620482210019,-1.78857130605336
"381",0.122699593018437,3.97691529877777,10.1585011019323,-0.0640349587998958
"382",0,2.9644916705337,8.57507773833881,0.318137841683929
"383",1.19092497622403,3.08150682044378,7.97605722527081,-0.105293356032023
"384",0,3.98088986413406,10.5216146154952,0.855365995233942
"385",0,1.89084595391814,3.04280988004948,-0.387061916581724
"386",0.764981540168917,1.48178992191585,6.04644725444498,1.23123095272124
"387",0.357779654694016,3.44317034191341,10.8061310576262,0.735066328723978
"388",0.813932237346553,2.96408043792939,10.7284702936558,1.28126380850545
"389",0,3.60686358853908,9.71758056280501,-1.60156358345743
"390",0,3.53049179643118,12.5913262371608,1.865106075994
"391",0.646758632953881,4.70539171923939,10.4022050733912,0.264847078042592
"392",0,2.08412226187247,6.60283463418129,1.41541260053728
"393",0,3.27172111613502,9.98700365842296,-0.0511739978829975
"394",0.00690217471895327,1.26084148170417,0.961869635928464,0.255046559769373
"395",0,0.756475238475895,1.44329547125783,0.682362410883857
"396",0.391359298843162,3.27869501531078,5.22620613360658,-1.95100726482474
"397",0.214396577605754,2.88958530823096,4.82825899138665,0.228557411818371
"398",0,2.69136905880596,7.4535995075751,0.334354365309148
"399",0.0744087324328611,2.91241599129956,3.06910411714905,0.616471512629771
"400",0.572775770357579,1.17622302409942,3.40227674021808,-1.75100442518578
"401",0,2.70505417164474,9.23037439926888,2.66477031729728
"402",0,2.45874705475161,3.64469415260257,-1.16765122755812
"403",1.6649976770562,2.53661164181587,5.34838679148607,0.303339887475882
"404",0,3.25100632650293,7.06023684741049,-1.4682986790551
"405",0.388102125764777,2.90786484368602,8.50072704247043,-0.641293411114926
"406",0.110738909365406,2.09393767474335,1.12018987571913,-0.520045041962106
"407",0.212916901661805,3.85448416144399,7.47236711277743,1.78535219811571
"408",0.706403347016644,2.35775119584826,8.74985287452577,2.57442214474218
"409",1.01030099436084,2.92155211588069,8.43502329398742,0.443048490915177
"410",0.388665620462364,2.16370332319749,3.07647809559884,-0.297509879042514
"411",0.706810125228831,1.83420226980124,7.79563313321614,1.22669622066882
"412",0,3.84032116667606,6.45039234304149,1.244036122595
"413",0.019849523350711,2.85393991632597,7.39240474702628,0.176579588933469
"414",0,3.89439856715864,7.28701404893846,-1.09894296026051
"415",0,4.3388023422756,15.1699151193928,2.96838374167453
"416",0,2.00040513303753,4.02044756003625,-0.039629953199405
"417",0,2.57963480400474,12.8930030915834,1.95626352594299
"418",0,3.680137600328,5.517172212755,-0.489319248665152
"419",0,4.11857484546058,11.6574844304543,0.000547116846022211
"420",0.515774761948374,2.53640991427878,4.75984582829953,0.47641120946659
"421",0,3.08166196022734,10.6495734095673,0.143851868199368
"422",1.13906095224936,1.32039804712587,5.70498502026973,-1.42912464114612
"423",0.662167712220083,3.09294558929738,8.4139708391144,0.567136195790317
"424",0,4.59086207486051,10.6171281060069,0.726502281395156
"425",0,4.25513253908616,6.46086147558244,0.436974204373312
"426",0.186847405317769,2.86214633331266,1.14866056159612,-1.76888873143842
"427",2.0103670000374,2.74770898605029,6.03804916836161,1.20680398264944
"428",0,3.96041870098594,13.3530503877319,1.78479327295851
"429",0,4.49524412983788,9.35572451470397,0.999265095037546
"430",0,2.07315717586384,4.63009768798215,0.0542871487179928
"431",0,2.35368323111316,4.0775807303704,-0.997451244002277
"432",0,1.25403078126188,6.29581847083341,-0.310351153531478
"433",1.86749468677045,4.04475091379205,9.69516658646021,-0.34927408675253
"434",0.360134387689663,2.92171079297863,5.08205418632572,0.200052900532109
"435",0.261389761666818,1.70891599052861,0.229185619002866,-0.593107256076873
"436",0,1.42345809946988,7.74787171053898,0.867987250293774
"437",1.07781708597721,3.25833115243058,4.56003842557866,-0.228843852038726
"438",0.591516807911892,3.13625097236662,7.72620914651477,0.847069100230476
"439",0.564379781042784,4.66327120328698,4.75116002895624,-0.339786070837937
"440",0,2.32816371020605,5.49504011454223,1.78088753946268
"441",1.74579490693909,3.86472147613929,11.4168330605992,-0.533709589111805
"442",0,3.60818493748512,11.0749061873744,1.45487563913022
"443",0,3.64215721572086,13.0957084846164,1.50445663747955
"444",0,2.72863812645701,3.67786197489384,-0.433670304294998
"445",0.834893733524275,1.98420284171097,6.66475790911051,-0.119817309114232
"446",0.995293164959971,2.52321439289406,3.31483344580924,-0.234500956116876
"447",0.0838936826199701,2.26171081740269,7.63783043457739,0.00455725405806406
"448",0,3.44958468460571,9.084438633453,0.0722849518158593
"449",0,2.72827289508342,9.85246464289923,0.548586750033103
"450",0.0155114515830395,2.67862299052554,0.320390313555571,-0.639028656854641
"451",0.0169166646396226,3.11497865125371,9.67393994961329,0.328397120271305
"452",1.10132784093783,3.60207522843372,9.22944296957459,0.4461199862579
"453",0.0245290062218002,3.67236041494165,6.86749878978233,-0.416750877770932
"454",0.108344351177817,2.60764965009225,4.3164963176503,0.184404210789435
"455",0.519200209989441,3.63187346284753,8.56152965617397,-2.58701234076342
"456",0,2.81613263346097,7.04921065042543,0.719642438949028
"457",0,3.91943362130604,10.604068799834,1.52319119189289
"458",0.402858524066668,3.92631376492128,5.33764963017327,-0.296879508766437
"459",2.01616706763842,2.11813445637724,8.31754461537774,-0.169125246031407
"460",0.0879320368054994,3.15240385204101,4.31816818972434,1.61083137426575
"461",0.351796034088829,2.44164948579216,4.72143693221733,0.647299727444717
"462",0.714859956375544,4.66578153369587,7.58236123076343,0.178893614278278
"463",0,4.06630961968445,10.4212658047225,0.546674617481286
"464",0,2.59759308884566,6.48612353233154,-1.31037392228904
"465",0.612995861647168,3.32631513753706,9.45983175357286,0.691948036530818
"466",0,3.86833381123477,8.4803492862834,-0.301327345793447
"467",0.422495674695155,2.84903172966501,6.91712998284725,0.320042048234242
"468",0.301221788457028,2.82702509599235,2.76703246308735,0.599427442676015
"469",0,3.27523420738068,4.21509374097619,-0.216755658537189
"470",0,2.71825078726513,3.8175342335803,0.401041077470276
"471",0.0526522962133367,3.00733837980925,5.71778405746904,-0.468270480188668
"472",0.660898218132287,3.75656363187849,9.51022870606407,0.310085934814231
"473",0.181305798692253,3.44624544253783,8.51716363384355,-1.7275314381521
"474",0,3.04483003759354,12.0102779700386,0.183060248570095
"475",0.0853675134678475,3.74446528570351,11.7949995656516,0.202955361322314
"476",0,3.5308415623254,6.92814119029806,-0.621473027719126
"477",0,3.28513609753092,5.78878718401362,0.283646244446783
"478",0,2.72745326872892,6.53189874851169,0.957075025367057
"479",0.0387567777593318,3.04894073224034,5.56123273073455,-0.256359118279958
"480",0,2.62259134396399,8.8495149275746,0.273340482412386
"481",3.85689309001703,2.88864030770911,5.6177448430577,-0.984490344109767
"482",0,1.67894798204337,6.00811113581789,1.38335234449033
"483",0.342336330763795,3.52837444200397,10.7618934544389,-0.152844658865061
"484",0.493944428355767,2.63643458481739,7.35918086271048,-0.832456396859039
"485",0.435062938749431,3.47972620409683,4.66777635351252,-0.943936037304542
"486",0,4.27701895632545,12.6577834408219,1.09928664731263
"487",0,4.55090458566399,10.3923744165134,1.50923100338559
"488",1.44233215135218,2.69026953455913,6.95655287601913,-0.832511638731542
"489",0,2.28370137886566,4.28823280106513,-0.794111334455002
"490",0.0155450224839857,2.9149209729225,4.30225985780676,0.985945264940175
"491",0.0672903105716518,2.87699740803529,5.93281361128741,-0.405370174703918
"492",0.966771364010519,3.57260189156049,12.5192965643143,1.5798223713495
"493",0,3.34289653567254,10.9589622942604,1.12369816526857
"494",0.476068655127737,4.50618086198264,12.3882174529132,0.928254690989385
"495",0.604562144063634,2.41574018844373,3.78179419410737,1.12701364870456
"496",0.661372718775856,3.42652137145232,10.6376125560453,-0.0605518486937488
"497",1.76810313338906,4.10049949410492,6.07003881889586,0.929162434137121
"498",0,2.47844556885198,6.23944418631379,-0.962914609783954
"499",0.0745913629914643,3.4102991487623,10.7838328979825,0.858391845206386
"500",0,1.75464267660782,4.96525145103954,0.0862021203861893
"501",0,2.45623692549863,8.8588421946328,0.553312809099054
"502",0,2.98579519778288,6.67059862137992,-1.99723363224253
"503",0,0.9335400871745,4.28496146983369,1.81245396914784
"504",0,2.37360088147266,4.35309539235077,-0.307297797362982
"505",0.826843778249675,3.93032621115234,10.6982294369284,1.92082851068745
"506",0.622249944500704,2.16738727748716,9.03755080150978,1.4602147636822
"507",0.504603356400523,3.10687172063041,3.3016739645685,-2.63329654335006
"508",0,3.04079106323969,9.69707823090172,1.34641256671998
"509",1.83593057151044,1.78216729708231,7.97610181145357,1.18697772823182
"510",0.393702512886975,1.99989488128472,9.40777347510028,-0.758743980732146
"511",0,3.08533055120724,5.54655472360193,0.778918473642558
"512",1.49956572064965,1.46931408046609,4.5502702235278,-0.664784063613678
"513",0.352946505807468,2.68479723063142,2.99880002611834,0.672556340527906
"514",0,2.42729834823969,7.69735330250692,0.67526354966787
"515",0,2.6792827861797,8.96734650024639,-0.231617200792292
"516",0,3.31122035820135,8.56295704797494,1.6597656624975
"517",0,1.96242745115531,6.05624362993801,0.0814644862562504
"518",0.302275303720455,3.98007042149096,7.91269181645674,-0.896011994634379
"519",0.6260775333968,5.5786825196445,10.7749110879652,0.238793583923233
"520",0.714929349878143,2.70884484254452,3.11344514562146,-0.429728122459068
"521",0,2.13518633469251,6.80412608277554,1.05004727732595
"522",0,2.64261822144117,4.98317140121917,0.975500108984063
"523",0.9233368221704,0.831750240811908,1.82937292184554,-1.33200572194368
"524",0.372152684104955,2.53500667090473,6.97547462430804,1.02724256187547
"525",0.752337235379006,0.892037227139801,5.61519551716738,0.420570620769896
"526",0.0956205331116644,1.12986818356937,2.63328631385476,0.725686785481352
"527",0,2.78631037970626,6.5177168611756,0.543736827811937
"528",0,3.72142617210479,9.81118482522868,0.675914595657314
"529",0.595539534909436,3.23651008537708,5.94001907723757,-0.00134436098986315
"530",0,1.48036300048004,6.5853897392394,-1.16111236429624
"531",0.523765157877281,5.23282413853824,12.4733358314322,1.06878853861691
"532",0,2.35165995819331,8.49848176910844,2.45724478620865
"533",0.459682126093559,1.14613397790415,2.57579663428199,0.451587948338895
"534",0,3.70758424038256,10.485930594913,0.867607993629718
"535",0,2.10698473263498,6.17864686054669,1.37086858278603
"536",0,1.68900589918837,6.8264584705546,0.861513106003587
"537",1.09439795863409,2.30440137735722,6.75631525997294,-0.06474442300641
"538",0,4.17002314707026,9.1548233765471,-0.837738450648259
"539",0,4.82065220197826,14.8235227404104,1.43864937237569
"540",0.924737046782199,4.12954412521599,12.8537423338594,0.535164277562578
"541",1.06664844826804,2.81999082031573,7.37778638397913,0.378616872852985
"542",0,1.89076048015493,5.38751994860207,1.04251209686878
"543",0.111997903600926,3.00233042025463,7.96113143713695,0.144818680473365
"544",0,2.74376992224138,9.23911343058011,0.435039970771622
"545",0,3.26134297192396,5.71991750808852,0.302732416206241
"546",0,2.47881596911312,8.72607511962205,1.00610490485008
"547",0.577699128925499,3.2641017250371,10.5328654697737,0.36502148217186
"548",0.589656607566948,4.55762128911363,10.4783641593168,1.18050654729324
"549",1.21341361979206,4.90391637358092,8.8815399317156,-0.469772680549945
"550",0.356825583362442,1.46901118097319,0.435276394814396,-1.24231127190248
"551",0.46601753673457,3.87815360627146,8.78743349073121,0.784036568976443
"552",0.715850032862259,4.10104295126237,9.89962689619002,0.963416001729914
"553",0.695833475617503,2.64062614994039,11.1378029920627,1.87134278050675
"554",0,2.3906618651158,6.50160839290109,-1.15183868276389
"555",0,2.69254604785633,9.264514115564,-0.270717108707788
"556",0.374907118420585,1.3675300767786,2.63941063598808,0.555692264607681
"557",0.788811824320129,4.26628849022769,12.4074264682195,-0.0710768511601971
"558",0.550414162521382,1.92076741091692,2.78999788504596,-0.120230944791407
"559",0,4.77426890082015,8.33855273323925,0.509172860417148
"560",0,3.91159117401784,8.05254345202945,0.527903121683674
"561",0.236450117553222,3.5882745775406,8.8319999344597,-0.0175529099871389
"562",0.0342112989008152,2.15030594611827,3.94396994863343,-0.680557241076674
"563",0.0838045306451924,1.94078736236605,6.43145388307779,1.10112379566595
"564",0.6328599031516,2.37545202122907,2.5207647513393,-0.0139319043248081
"565",0,4.34916129444752,12.9954202633342,0.55331474895425
"566",0,3.69912442916253,5.94114524048583,0.635730972016024
"567",0,3.54249240265099,6.64348505848592,-1.08909369150598
"568",0,1.14239788112756,1.54754273603507,-0.610239326438753
"569",0.420046374429362,3.2534906601774,3.1434095417457,-0.591376646074345
"570",0,0.588871666492191,5.74225588298787,1.44054975436538
"571",0.263328686759113,2.93847971001774,5.97554642811962,1.31705728375151
"572",0,2.33201514320326,4.97108095399615,-0.392268464423591
"573",0.687241899480068,3.80350556114601,10.907637084261,-0.0183003526934805
"574",0,2.28023389675899,10.4434215109667,0.0315497746352255
"575",0.290649894067379,3.15620719554638,5.72089968439337,-0.98917428686824
"576",0,3.42649846994391,8.80480438839336,0.349842255037073
"577",0.0261798450854318,4.02914323798427,10.3515068042605,0.373894393256333
"578",0,3.04604424011914,9.03574655952124,0.759181018533408
"579",0,4.1267939597161,7.04375873660851,-1.42723780833784
"580",0.438988153131816,2.72353773427957,3.34452479471173,-0.0885027179697532
"581",0,2.35386476681164,7.37944430172888,0.703201131457131
"582",0,3.05612261732382,8.06268212878147,-0.846562120770551
"583",0.379636324327529,3.22537419624924,8.11239478492813,0.0683074224792103
"584",2.13704681691796,3.75139512210253,8.04175948947264,0.764439464349089
"585",0.462916810777785,2.49111087675829,1.98109838552411,-0.962594173504091
"586",0,4.0263030330787,9.61547668499986,0.445720218112334
"587",0,4.88904842476454,11.118202039742,-0.35991864764879
"588",0.302855850005222,1.97184881901883,3.61099520881104,1.15831941900281
"589",0,3.05187779154202,8.98115394628837,3.5614377168893
"590",0.146432813323131,2.14946090072577,2.51205190816601,0.38491369615787
"591",0.679770898366714,3.30472322747027,3.67982976489569,-0.243077975595665
"592",0,3.94845951274521,11.0233532671209,2.29332092147192
"593",0,4.05526767028559,7.84341355990879,-0.105693695868396
"594",0,3.13329114011048,9.85711226973807,0.857420834223083
"595",0.535115918919255,3.06937260304802,6.72918166797435,0.0576603559556443
"596",0.0641096373871983,2.90434791844907,7.56844780709203,1.3661280969632
"597",0.197465331107229,2.85006038369231,6.34833973870653,0.824231572016079
"598",0,3.10065344264184,8.02893698338143,0.458803544076107
"599",0,2.28978314658321,6.4706109154533,0.823423450890793
"600",0,3.87262774341566,5.73268979360901,0.204139905642436
"601",1.76836950119241,3.21605767427249,6.91022594475343,1.39723708331546
"602",0.309253649455464,1.56834235271654,1.01665800945217,0.0250212093398676
"603",0.113207658104763,2.44767158845314,6.40684662923202,-0.473908765091994
"604",0,3.30446692270067,14.0073823645586,-0.0677916445074583
"605",0.548893699117848,3.26353150258215,-0.131688678331286,-2.63437075806567
"606",0.925850572081839,3.52710724914575,9.64586075629304,0.798274074015317
"607",0,2.01151150849666,10.7162259830664,0.316054227788527
"608",0,3.89081282286821,10.883301918926,1.59254048246851
"609",0,3.55391193454637,5.09401889037584,0.495462696433828
"610",0,3.79777603970852,8.84972449312458,1.29887599549392
"611",0.686118572521133,2.93935123217293,7.35862562002714,0.778480028981644
"612",0.163520602725557,1.4692542505472,1.80220055803911,0.653550897321223
"613",0.00428666298844949,5.02970362003805,9.3202132550199,-1.57739073362295
"614",0,2.8566152595963,8.21829512736052,2.26858057028124
"615",0.0100331498998765,0.956993949322555,1.79221472024757,0.548813141901307
"616",0,2.84855109728207,5.30532904498102,0.201059624962211
"617",0,4.45649850065628,16.4212878533919,2.23766115178116
"618",0.267872095897757,3.10983611990624,11.0923953829792,0.780262818986426
"619",0.127470277949587,4.69863109695276,13.4979186433009,-0.0896881802305887
"620",0.270015620244684,2.04716775833676,8.11893649609935,0.784586394702485
"621",0,3.29130826120299,4.79124234853001,-0.415747303161558
"622",0,2.60675332469595,6.88553347641756,0.124665940896888
"623",0.490067001838845,2.37511442343112,4.63220507751089,2.9662181794776
"624",0,2.75321576060614,6.0823258700268,-0.0489851020946803
"625",0,2.94103753551861,8.39763619583448,-0.375789099688387
"626",0,3.40915839222158,9.82268717113591,1.09601982704695
"627",0,3.63499789696029,15.8263650077616,0.569505023909936
"628",0.00220334987538173,3.55868204583513,7.39169188953203,0.239344538312766
"629",0,3.76685701012478,11.6774894592865,-0.591504782465164
"630",0,4.51121638486112,16.3466086859934,0.375252236936657
"631",0.353268087598203,2.72991060455555,4.52128033011033,-0.172591419594785
"632",0.710217125124823,3.22168616823395,7.86555065741354,-1.51752559794204
"633",0,2.83749094378467,8.71405610654179,1.52202366495607
"634",0,3.22497223523778,7.27166937320444,0.288073320043745
"635",0.0388438088300749,2.36004454311941,3.90299823990802,-0.617873446227205
"636",0,2.26862491283691,8.22556487102557,-0.705123141291751
"637",0,3.52465738618336,9.99730893074866,0.436027111952213
"638",0.487662236030761,4.52006735377292,9.30593508404538,-0.734076472786425
"639",0,3.08353127391634,9.33957276332065,-0.341953574622969
"640",0.0797192932778428,3.69695152874366,12.2980830606955,-0.223788215978007
"641",0,4.49763562443468,14.630015560129,0.572560776332032
"642",0,2.87308591465279,3.35104986808922,1.23259388048938
"643",0.320411913728408,2.63939076739335,5.06872911261452,0.117673893781109
"644",0,3.98473835116491,12.8936283899034,0.684865315234991
"645",0,2.41888483329316,7.65303556862333,0.186902317721264
"646",0,1.92107371237087,7.65858485114344,1.18013182674166
"647",0,3.40497393907008,10.0762675662723,2.242569836341
"648",0,2.76291244271962,8.948626733356,0.290743055589038
"649",0.524234732196285,2.7762307579827,3.73243217029015,0.347084851933924
"650",0.603657006392183,3.51184576851299,7.92513428978422,0.842003356394394
"651",0,1.65839027346636,6.56047853270004,0.955547547957048
"652",0,4.88079758712979,8.89169138701564,-0.648987617469259
"653",1.99987235356793,4.31632614157778,10.3309628871932,1.05592028998897
"654",0,2.08992851808074,0.820545257740392,0.288239151693387
"655",0.511559874788292,0.778819636108609,8.08770358533177,1.23429992428997
"656",0.121880242618036,4.15707318961632,11.8858336458249,1.87036599518584
"657",0.0489610687342301,3.2348995616198,8.230471641457,0.0600951974542957
"658",0.29815947307057,3.3669486525158,5.84363578888732,-0.343591598821139
"659",0.363704253770591,2.9967749916659,7.18498356661522,0.910707401249566
"660",0,4.01272676375732,7.80795447183807,0.93954963094221
"661",0,4.56688805170027,10.4457417278148,1.78524284376747
"662",1.25158237332771,1.8113872404606,2.6681571756182,1.26700007339937
"663",0,2.70394674802552,8.44078105294201,1.6416907166331
"664",0,4.11413795546159,10.1243756818847,0.373471215974702
"665",0,2.99439466870251,8.08291599286525,0.922538995602683
"666",0.489587337890495,2.23392945829195,6.39396178667922,0.155150505547769
"667",0.545302441592514,2.76512101204543,10.2337733615152,1.03221631050712
"668",0,1.55888992558628,5.29065460289599,1.36519619205747
"669",0,2.31789223643877,4.06658803379362,0.228256791956705
"670",0,3.3851217918606,9.94101077642788,1.08728623278374
"671",0.107884153541066,4.18391186840948,9.47081713335887,0.308086260595264
"672",0,4.23241140737068,10.1939809457111,1.13041140716616
"673",0,2.10811937539896,9.00511577461713,0.86926373957538
"674",0,1.94896904466903,11.9757531231998,2.26279724920545
"675",0.222070635408296,4.98127441942167,8.20917405298192,-1.21429287263966
"676",1.23337251054838,2.36654969944852,6.64764889474848,-0.0266927354443951
"677",0.0910616935748543,3.56526655937718,10.1125824143139,-0.426368247034298
"678",0.0728393321864189,3.42415229840596,7.30661921037379,-0.251225208000533
"679",0,3.1588753455157,7.676605105479,0.0192189162781891
"680",0.552354493857361,5.17521637360983,14.1314493094641,0.513894630329073
"681",0,2.45316300786727,7.26817654160018,0.942146380808596
"682",0.266786488724859,3.07518895548691,8.31684745905873,0.572030134473421
"683",0,3.91951344839514,4.43666224882342,0.140102452603585
"684",0.537598427494856,3.51706740334681,5.83395808174523,-0.494329124175427
"685",0,3.77780462651393,7.40134604041153,0.314194150809701
"686",0.178946751920758,2.3755159780151,5.41341467727804,-0.63013509762302
"687",0,2.42150135790271,8.82397020879304,-1.05631237035879
"688",0.491431605690377,1.36258664579818,8.95820534972372,0.970915196841572
"689",0,3.83386752373045,9.25145930008081,-0.899102298930051
"690",0.0867234211030707,1.88060312493426,3.61059318809656,0.313598401359279
"691",0,2.73564359658465,7.03446433093664,1.96908504271564
"692",0,2.84113168942012,13.4359044132458,1.16606088280273
"693",0.415811134831525,4.11752662661594,11.5928450943381,0.194399237581501
"694",0.775584680358869,1.9134000026203,4.64607977878755,1.76634355333568
"695",0,4.61167498798588,9.49173751335044,0.420563047787051
"696",0,4.5492970867939,10.7041046391192,-0.0301272541333214
"697",0.151057228919101,1.05438191676595,6.74011481869964,0.528414420713746
"698",2.84145491078199,2.90055732841255,9.38786221647607,1.14649482140902
"699",0,1.60406071983681,3.02367382685103,0.210995126016569
"700",0,2.56269789141069,5.6295954793632,0.813767508892153
"701",1.09043228057109,1.49295058093965,1.84419545386051,-0.0326841570832147
"702",0,5.11195583421318,16.9709308578488,1.94767414615869
"703",1.12931815731305,1.46296920319829,7.5141628324549,3.25047083737123
"704",2.26885716558434,3.37386419469017,7.61662105405207,-0.342128520013104
"705",0,3.64183390712615,7.78778105000544,-0.0614796105099321
"706",0,2.72291534208659,8.0292318799983,0.230878051809548
"707",0,4.26361949348722,7.35038083516946,-1.61197987660389
"708",0.24393855585515,2.60820485570571,2.24031752024752,-0.173604081671701
"709",0,3.2096915032174,11.2371224237116,-1.1987610288145
"710",0,4.38092483195322,15.0760333580791,1.51502862703101
"711",0,4.00840620384858,15.8686555971609,0.595321813088648
"712",0.0556601239105277,3.92182580053873,5.98621048307967,-0.45786721250059
"713",1.05976166911747,1.09062880860336,3.03409268258185,0.668293419080605
"714",0.0421392780466618,3.03053111347238,7.15855769618365,1.18421925477213
"715",0.621096851009423,3.52962277739405,7.58267280433366,-0.615011452743377
"716",0.446548089706973,1.88937768506366,5.48283578450142,-0.014071056694765
"717",0.465219975279961,3.15974624543117,7.60812501674975,-0.495156292741148
"718",2.39177267654648,4.55991621065538,8.22156682634343,1.04566786511368
"719",0,3.56215856606925,10.7961928387544,2.15297372928806
"720",0.181423016854854,2.69069083242508,5.86419168949311,0.670063451176149
"721",0.446917908038581,2.77020004189452,8.73099507987003,1.14152662006135
"722",0,2.80141890373382,13.803271058641,0.451608061722958
"723",0.257602836905963,3.33633033314588,12.0075505436093,-0.0518473207605765
"724",1.08849347377376,4.8198410032139,12.8340738510955,1.71402771958328
"725",0.0654385337397558,2.73904969667418,12.882194145676,-0.560473430544909
"726",0,2.66067001072778,8.35560872773794,1.86477737160767
"727",1.32830608942518,3.7545678168022,10.5785126362351,0.143953260151079
"728",0,4.54453251431043,7.81030337928302,-0.667177205051295
"729",0,3.48409579252407,5.72368945606013,-0.199254143510815
"730",0.454012859380568,4.05027672799042,11.8623500652225,1.34421458147175
"731",0.936077413733109,3.3426691622651,8.98563487169173,3.61776885515743
"732",0.141444405054176,2.60121083626651,5.97653515156869,0.095445038333352
"733",0.800336044892764,2.70243378745552,8.90318141518919,1.78118417225202
"734",0,4.58294536315228,10.6851508071606,1.60168337932463
"735",0.322801275168266,3.35309744170769,8.57486774950797,0.3772482385202
"736",0,3.5672186131283,9.27787313623146,-0.433309699813091
"737",0,3.93187880649888,9.24431278282366,0.117030600016268
"738",0,3.34992815870613,3.32072682607779,-0.410605697364304
"739",0.164630449532804,2.60404986176759,7.27375479177309,1.18464306040971
"740",0,3.42670988198138,7.42331583866534,-0.0997891658347662
"741",0,3.66160470146726,6.41349524100029,-1.26792201228525
"742",0.398740903823708,2.78232050941869,4.25862460546866,0.151480692623413
"743",0,2.3923923175783,7.25408614230191,2.23737607410891
"744",0,3.94922881248445,14.1465408399675,0.0565592203001383
"745",0.453169581549335,3.07681897215927,7.54023547873485,-0.70485408673147
"746",0,1.73538617574463,9.46854628581594,1.79361932881194
"747",0,2.61055454734265,2.83902510906162,-1.19583323400566
"748",0.179306864735065,4.79653261275454,10.7230239814839,0.623220174066152
"749",2.01113738632211,3.10979456408573,6.80572702597172,-1.23835368700835
"750",0,4.2352671863771,14.3920704149031,0.372146012138373
"751",0.590922042694462,2.85041820792558,8.63605877813011,-0.715159834283875
"752",0,3.59771453256826,4.98202982916335,0.411882433672797
"753",0,3.31327964865949,10.376869150672,1.9845994909543
"754",0,3.74548442033508,7.21873434517104,0.0984063289087392
"755",0.768997896244573,2.8938423523911,10.4555887084126,0.411599993911787
"756",0,3.75430969765735,10.1833103107285,0.8686288438168
"757",0.0459758199513471,4.05885912459097,10.5725264913348,1.32007620056291
"758",0,3.62595204295106,11.0904308821052,-0.0508748904970483
"759",1.32096660158211,2.50797040148048,3.69742265857601,0.836732920753451
"760",0,1.63155301993413,0.932172786725706,0.961143165568582
"761",0.0403570224997525,2.43155232643476,5.41370117161666,1.67463161881633
"762",0,2.96178295462225,5.79683208083884,0.20182174335746
"763",0.561552034843634,3.50536034485929,5.63549829327297,-0.424874565570186
"764",0,2.92493431666326,8.98808314992922,-0.296663503995178
"765",1.4366182672441,2.59380278540971,4.97304024836399,-1.59043080947884
"766",1.0359328774633,0.906119315492555,2.22166344736563,0.152562538201041
"767",0,4.61399203958965,10.9142574084259,-1.75878939129583
"768",1.17209370660449,3.95662405767919,7.35241143487945,-0.875642079513697
"769",0,2.84374770157064,6.88604065865756,-0.360048314502062
"770",0.188325401575446,3.76376615575895,11.6755528904859,0.0927326103854001
"771",0,3.29815783450024,6.57410313326016,-1.75929300629302
"772",0,2.25613303861152,1.86292645835897,1.14123853404118
"773",0,4.02522282514652,9.63892544012201,2.59911003791912
"774",1.40203361574734,3.67153609679931,8.04985155950254,0.519885178691115
"775",0,4.39482017695515,7.5230525970505,-1.16161169262746
"776",0.266681791959543,3.29894043972183,8.14243075330083,0.0878485036486979
"777",0.476467308698932,5.30785974579575,8.5699969811293,0.26298621079864
"778",0,3.10519045915047,5.38010710281724,-0.772734414771857
"779",0.123864542282412,1.06986199171045,1.40503155504586,-0.751506306965174
"780",0.92310174667189,5.45471064177172,9.76487383069081,-0.471833819448656
"781",0.931629877830447,2.82954872434004,5.64578686933965,-0.0747272248403688
"782",0.997194281035626,2.0990786740862,8.75896298767666,1.59593641742787
"783",0.366290782561808,3.44598197702109,6.05834969044163,-0.467745336691105
"784",0,3.35445270416749,7.19530528511766,-1.04954495965554
"785",0,3.01185897019582,5.31237722754756,1.38050199418577
"786",0,1.89109514601812,3.00231809164096,0.555855212608848
"787",0.131249351576817,4.40770503601878,5.74477655994346,1.38126526826865
"788",0,1.32614766299804,5.90780932477493,0.244754777615354
"789",0.225344657509458,2.09672018600172,2.20155505131173,-0.864696095158292
"790",2.70868912598911,0.779855646123161,3.666468600747,0.71043112403118
"791",1.79666884347261,3.47306222375517,2.63919702952076,-0.0054083669132545
"792",0,2.77911127385805,7.3376762784908,0.71898352200937
"793",0,3.9103772719121,7.86456466704457,-1.40847049687672
"794",0.251734425898888,2.43695051783711,4.48681038841244,-0.973954909626348
"795",2.27800072038565,3.45417174282299,8.65995735648926,-0.023422205284719
"796",0.0151973532428551,2.96403921721606,7.291845935535,0.893362289029023
"797",0.452630519561459,2.74264728847574,6.49245047107683,0.115023043765942
"798",0.38174374977306,3.50370399729366,6.88362278722384,0.326073617356067
"799",0.0671105272331314,1.87355477407293,2.90435653495771,-1.52105593261679
"800",0,4.83749472554279,15.4795472649039,2.6076785807702
"801",0,2.29136151471233,6.34185698718079,0.687320463044364
"802",0.35880687711069,2.74726986973264,6.46196122507621,0.543384159626595
"803",0,2.79721136933653,9.80751051590522,0.66716933035021
"804",0,3.64635934434838,7.90193514520541,0.6755613085813
"805",0,3.56700015092434,8.89685057982097,-1.0333713962986
"806",1.09656110923637,1.31109280395526,6.10569730605695,-0.342873536234239
"807",0.00187530248961743,2.90655953671174,4.60160121385577,0.972918412679226
"808",0,3.47578908910284,11.5207257564263,-0.713735542434542
"809",0,0.854510397533158,2.72605533092742,1.11539000043826
"810",0.683657902499715,3.19182491716764,7.27403821847027,-0.97428896134169
"811",0,2.38480830040524,7.74221257716354,-0.257850125792134
"812",0,2.08084392786856,4.67399433369728,-0.84187497573918
"813",0,4.13774413869849,10.3372562738166,1.62975137627156
"814",0,5.17400471655736,16.6400257983843,0.640752465616533
"815",0.195709282501348,1.773459621889,0.332363603325824,-0.904464547184621
"816",0,1.38725140576042,6.65344076642791,2.05265234370262
"817",0,3.32121151332237,8.16837416521895,1.49914680228455
"818",0,2.97001653130849,9.98222491917738,-0.222322370270932
"819",0,2.82200790620763,5.32801424238422,-0.884113589724626
"820",0,2.19178817525876,4.70602761692595,0.501041251691604
"821",0.0993960935888518,4.07318924439025,10.1004259966236,0.783219420960554
"822",0,3.34608675741234,9.96097812854245,2.34221813516825
"823",0,3.63411920906289,12.0357855045385,1.6821559871881
"824",0.739939288251484,2.53985916031676,3.14014170033069,-1.85506848953817
"825",0.162903529661211,2.13517510574969,10.8587691813324,3.06926030934714
"826",0.677954816641504,3.75755176666494,9.94840986650384,1.95033214139203
"827",0.225628636673576,2.10597722287957,4.43554322428766,-1.06948487864867
"828",0.0858517605087581,3.12100397199604,5.38958020839407,-0.134603198023213
"829",0,2.17607360962942,6.60229493910375,0.451263581501022
"830",0.633351869889174,2.38643166133266,1.61819541648609,-0.567433138422318
"831",0,2.5169401460125,5.06746318621415,0.140926771156498
"832",0,2.43497809559389,6.59611936466254,-0.0924550967682315
"833",0.457635218298671,5.08455108360937,12.3450927414912,-0.205228163407608
"834",0,2.39856141933212,10.1611111727276,1.12966299996419
"835",0,2.40220657352746,7.16897929035927,1.05020123751134
"836",0.846279243273806,4.4434650258232,13.6260356928403,0.473161215628039
"837",0.617797491541062,2.01265192089304,0.304654503655255,-0.559660453993575
"838",0.719526889319545,4.59841462306994,9.14851191469791,-0.761143927631337
"839",0,1.290572938945,0.94269956743059,0.0848266144801574
"840",0,2.9351730451234,5.70548525146485,-1.11983804698859
"841",0,1.83527014233703,3.15035773343668,0.353485976008517
"842",0,3.21435024244358,7.70247179033021,-0.917007998473017
"843",1.80915413455563,3.58248508004449,12.1571037540875,-0.221363096761761
"844",0,2.97931659827541,6.93754159160878,0.123428554746348
"845",1.19417702388262,2.42595291573065,-0.200944034482638,0.145315426841867
"846",0.221167944004215,2.84067017836762,2.34411058621449,0.482555792732404
"847",0,1.60562914440413,5.47814902540793,0.862493534837196
"848",1.33241672850775,2.62927113996159,6.75309956604271,0.959074505795449
"849",2.19633200022757,2.63306294445404,6.66261580823758,-1.75998676059875
"850",2.30112490685512,3.2468687529293,4.75205290339383,0.439387288956282
"851",0,3.71253209751729,2.44561807027543,-2.86949825088709
"852",0.173712870496582,2.89020056624893,10.3209916010153,0.386811926968065
"853",0.0877132997765777,1.44478222879306,5.52076395328935,0.974712125747202
"854",0,3.22969144304752,8.20393444792693,-0.369958048687416
"855",0.631031503221322,4.06789237403963,7.11559771796836,-0.0265528141378272
"856",0,2.65508265944153,6.68758840175875,0.0387200979400404
"857",0,2.57583282064574,7.23678861771154,-0.549961726576701
"858",0,3.58998691107049,9.7051520452975,-0.243765767937888
"859",0,4.19670409125682,11.4110010593404,0.0731844353116649
"860",0.317845044865991,2.28129291091769,6.22742430703262,1.04220652794541
"861",0,3.54051511354258,9.92750602760311,-0.100752385363197
"862",0,2.93793731038931,5.58775850708684,1.29362518486339
"863",0,1.42313904294821,9.93701472311181,1.80237297513299
"864",0,3.93734848524297,9.76721608163559,0.137774069760916
"865",0,3.28581674374262,7.36936754173343,-0.216914104888479
"866",0,3.17595028678443,5.78113167237126,-0.731061932928011
"867",0,4.07516222638079,8.07230032476738,-0.409716742892718
"868",0,3.11612275078822,6.41703999725455,0.724817402985401
"869",1.22875774004264,1.94167103927276,-0.351862675135684,-1.33929508645998
"870",0.323961349901314,4.14735080443477,8.73159881599065,1.08488967198489
"871",1.28810215251858,3.76611630650262,5.09279903328558,0.284128073581791
"872",0,3.40452309401967,10.3495589788892,0.653727884817335
"873",0,1.9905553439801,7.40296602164304,-0.933168137845342
"874",0,5.070642628615,10.467907047295,0.471932222903787
"875",1.47220489305887,2.47098326397708,9.17558202129078,-0.651725139672157
"876",0.729723466122578,2.48648530722078,3.73782477637386,-0.397666844383576
"877",1.14140701024208,2.59152909467697,4.03386328310753,-0.318021800831694
"878",0.281259633258552,3.29364316164306,12.0110629376847,0.489441686265124
"879",0,3.78054672850018,7.63267456518188,-1.18692211199639
"880",0.0136561605503198,2.7677922363131,5.55188432406685,0.312176349715277
"881",0,2.13252434746888,6.75164649325216,0.583925047423158
"882",0.2717033170448,3.72091848075617,5.818185090586,0.507869631649898
"883",0,3.23091069406931,11.3144856994808,-0.373334504025306
"884",0,3.64158528928235,8.07372583957802,-0.00099202566347692
"885",0.477974934986227,3.5204490773142,9.42283725263953,1.97292653102421
"886",1.73652230987401,2.55314275817574,4.30728978003028,-1.65906846127472
"887",0,3.4743336706424,9.18879858546456,0.115006781975826
"888",0.301349109506404,2.18617488100259,4.7071417662115,0.172700066313797
"889",0,2.4554794368611,7.96116183066374,0.294871264035618
"890",0,1.61095886064396,7.53752678734629,1.73428572614997
"891",0,4.94970308061606,8.79728869037656,-0.404426301396336
"892",1.28930345815964,3.8758980467797,4.60919249464699,1.0908843532239
"893",0.834030213812988,4.31189455531271,8.6627973718346,2.06843256342117
"894",0,3.487631618252,7.98234879184379,1.41666075824902
"895",0.119230303971448,2.4993458359124,7.14205201871487,0.840896663203691
"896",0,3.53476523702901,8.46476935228449,0.422319847820449
"897",0,3.96493244617322,11.2104070367813,0.780346845879015
"898",0,1.55720035666993,5.36684200661337,0.881923432130077
"899",0.270140633220199,3.99269258754356,5.24191718244003,-1.35336962397876
"900",0,2.76202575350089,9.37726418026077,1.64121833021836
"901",0.0567829419672501,1.69705333047979,2.44055890131587,2.37318620346818
"902",0,2.64344591028018,6.0031497973046,1.62377472621817
"903",0,3.8292793040559,7.63537886970716,0.299141990774091
"904",0.183062312605026,3.75513529061663,6.33200280358359,-0.841316152121106
"905",0.54547265827501,3.53225454717067,6.87447803432813,0.225700940964481
"906",0,2.71730225903584,9.08917724549713,1.36221955444021
"907",0.211012759421994,1.97139666255822,4.46885587165211,-0.0248105549207832
"908",0.554179268676622,0.707268089998388,3.25481554991372,1.42154176122045
"909",0,3.02542462316426,8.02230922104767,1.46064030187918
"910",0,3.05717184471671,11.2103023985775,1.51388382172949
"911",1.08472669357965,3.60490585030119,10.887315551843,0.741682854625046
"912",0,4.17590458562896,14.5420884962068,1.35945263650185
"913",0.531369569953543,4.89062525904489,13.4791685340675,0.667289952298702
"914",0,3.99187083466883,6.55838706829141,-0.847465008047755
"915",0,0.652191148553107,2.82402128797251,0.686008261520611
"916",0.220902171377179,2.63094725342208,2.95785419266583,1.87451236793719
"917",0,3.10957308843496,11.0359064104045,1.04152616323582
"918",0,2.76725557325543,8.30115952542292,-0.737113759336822
"919",0.119646832413123,1.75979444348244,5.56593642394292,-0.788229229331371
"920",0.725215349366337,2.0234094194759,3.49876547170246,0.760903686660453
"921",0,3.75027751267953,10.1430021730428,-0.230075282380085
"922",0,3.15774165452228,2.86110431909605,-1.67946634443308
"923",0.743588223015422,3.69511359223012,8.39041793943025,-0.308114716308526
"924",0,1.90484217369608,5.39899944284097,-0.887637736276992
"925",0,2.2448663511991,3.46208922097569,-0.953125570858232
"926",1.36202847362989,3.27797784332464,8.54175077843465,0.228870932206171
"927",0.28463506696622,2.1533024598154,5.56870904834861,1.69591304647377
"928",0,2.9806004486033,5.99793184095103,-1.21690390417618
"929",0.690796279230534,3.86182573758617,9.56271096279085,-0.835414789438835
"930",0.811970462061939,3.55266982507344,9.56648548877344,0.468101616006259
"931",0.227564351857863,4.5650290916812,10.3810012838061,0.450891950855369
"932",0.227152755622143,3.29875860277387,11.8252377689194,1.48046357866536
"933",0,3.51807838156762,8.2035344481095,-0.1969796065874
"934",0,2.40438713532761,5.89623800283822,1.36775984913131
"935",0,2.70476586319039,6.62746940240989,-0.393159566944097
"936",0,1.78799618682183,6.31295267493096,-1.01263394970471
"937",0,2.87782157754104,6.75435486122823,-2.15584128446168
"938",0.923929749225445,3.72837492776329,13.1097014972492,0.89423825729617
"939",0,2.32420338140985,5.82592973342494,1.37633851975595
"940",1.32531792209227,3.62891079341629,9.006905044055,-1.35182658865101
"941",0,2.5753165506072,8.11180473723613,0.940016685769862
"942",0,3.02235029485193,4.20561997722476,1.05950266265979
"943",0,1.15218604706105,0.947289379043089,-1.54323935913767
"944",0,4.35518269104501,12.2496424053161,-0.959719866797007
"945",0.017215294944803,4.13396875412642,7.27146885933627,-0.549606101078004
"946",0.220559851749168,2.76720118246984,6.70390737510361,0.192149412148183
"947",0,2.79391051459852,8.55618757411763,0.545298681727992
"948",0.312583410193034,4.33039124034793,8.55775190765769,-0.022290232254623
"949",2.00566091375128,3.26972116930276,7.04538546180476,0.808693388519361
"950",0,1.88863907367904,3.36022077896664,-1.21651704324436
"951",0,2.11818997402214,4.57582720908513,0.619850095200188
"952",0,3.04647957389028,6.23238523948803,1.10814217313401
"953",0,4.10994936129414,9.17269549797049,-0.902779138295327
"954",1.07416208160546,4.3007253560774,10.5022065840589,-0.498585958205526
"955",0.0205080806167741,2.91583894471664,3.50089486892848,-0.0895698175103227
"956",0,1.84596191040107,4.77539690081192,0.607609019007025
"957",0,3.32029931702601,9.85657012355429,1.96543561278663
"958",0,2.87816041173135,4.91795483704451,0.262210187703539
"959",0.829472039526174,2.16932236212708,11.4936982749872,-0.324479322659934
"960",0,4.50330733378696,7.80364790058045,0.779968923819624
"961",0.55641733758508,2.86607442902202,6.8774362200081,0.555561627428466
"962",0,4.43044212552498,13.5539224125672,0.818570608646893
"963",0,3.56738680278958,8.21204369199226,-1.61299923983545
"964",0.344223192467007,2.43236416402402,7.36192248264612,0.752505490429467
"965",0,4.7516229091611,11.4819759788532,1.33653478186832
"966",1.00146454190995,3.45795217341811,5.97474006849751,-0.875350135453972
"967",0,2.21140440506189,5.42062227906053,0.917238237854868
"968",0,1.23460799306506,3.32634429946475,0.755473764098521
"969",0.753482153336515,4.93089487390419,9.32463538541398,0.526226866127907
"970",1.34761606853998,3.32309823334029,9.45551764564548,-0.704730338018599
"971",0,2.9119590948489,10.560399310831,-0.470743286004236
"972",0.33977188063997,0.76802968774174,1.45180739576314,-0.361484476935948
"973",0,0.615725940388383,4.9265770470243,0.695448323147345
"974",0,3.74320952280777,6.85378332506382,-1.20632091883594
"975",0.416856863979316,1.63067932150339,3.97914077178841,-0.717074457926705
"976",0,2.8577648600927,5.07219608868912,-1.08575764599872
"977",0,3.81056818422228,10.6061310221473,2.18575378883092
"978",0.658076139110374,2.16230510616316,7.62652632091528,-1.08215511064057
"979",0,2.1485886884668,1.00606320073,-0.872574993947016
"980",0.45659921864583,1.66479610505913,1.53405215669747,-0.425025529664423
"981",0,3.8527435188783,8.22268118533417,0.913131254860083
"982",1.71689170091973,3.91119048251251,9.39266718908451,-0.540722933713952
"983",1.50907632228544,2.99253376549943,9.29801220856433,-0.80335789539318
"984",1.20040861349546,2.16011885497775,3.79023412160131,0.804767286238085
"985",0,1.53328237236357,4.10825557785501,-1.18966180382055
"986",0.0745516652001479,2.68407582257658,7.67611370334259,-0.324840034675673
"987",0.242647466109088,4.04853478792871,5.39296883892213,-0.470255326208738
"988",0,3.22049944869431,8.2352944673899,1.12841782969943
"989",0.22413174769668,2.36931360111844,7.25464055229714,0.533073393369866
"990",0,3.68762419821628,9.15005567896613,0.581020903132163
"991",1.89674222278327,3.39974243994573,7.15873558763887,0.142138795674292
"992",0,3.86799309287137,9.91862879683802,0.213845221252309
"993",0.101631062526875,0.587252986801244,3.30248827600663,-0.122451961386478
"994",0,1.56568718641619,4.46313847094585,-0.0291780826161628
"995",0,2.32431971376456,6.18691782254573,-0.0172338025232981
"996",0,1.9908097497957,7.9615550024008,1.55454105289084
"997",0,5.2026497166926,13.7515323832058,0.208189304621713
"998",0,0.458734116035762,0.120423885767531,0.0904406257132213
"999",0,2.86888305004173,2.08761321873595,-1.55964849786391
"1000",0.0630395901413152,2.78166708583418,2.87914273706816,-0.485973619579207
